rt,kind,role,cls,dark,luma,sat,delta,cost_ms,probed
0,asm,GROUND,pure,34,25,89,1.285,8.238,1
1,asm,GROUND,pure,23,27,90,1.797,7.168,1
2,asm,GROUND,pure,0,173,173,2.961,8.445,1
3,asm,GROUND,pure,16,53,83,5.609,6.832,1
4,asm,GROUND,pure,16,53,83,9.547,9.715,1
5,asm,GROUND,pure,12,92,82,5.203,6.965,1
6,asm,GROUND,pure,0,32,93,1.035,2.883,1
7,asm,GROUND,pure,0,33,93,1.074,22.047,1
8,asm,GROUND,pure,0,118,132,1.543,6.117,1
9,asm,GROUND,pure,0,33,91,1.859,4.629,1
10,asm,GROUND,pure,0,31,91,1.836,16.289,1
11,asm,GROUND,pure,0,113,126,2.953,4.465,1
12,asm,GROUND,pure,0,67,90,1.500,5.402,1
13,asm,GROUND,pure,0,72,94,1.867,24.000,1
14,asm,GROUND,pure,0,129,138,2.000,7.793,1
15,asm,GROUND,canvas,226,27,15,0.609,0.098,1
16,asm,GROUND,canvas,202,41,21,1.172,0.098,1
17,asm,GROUND,canvas,0,212,18,0.848,0.098,1
18,asm,GROUND,canvas,139,82,38,2.617,0.098,1
19,asm,GROUND,canvas,0,94,57,2.723,0.098,1
20,asm,GROUND,canvas,0,152,27,3.062,0.098,1
21,asm,GROUND,canvas,209,22,17,0.574,0.098,1
22,asm,GROUND,canvas,14,117,126,15.598,0.098,1
23,asm,GROUND,canvas,0,60,117,0.129,0.098,1
24,pattern,GROUND,pure,0,196,193,0.617,2.086,1
25,pattern,GROUND,pure,0,86,113,0.531,1.945,1
26,pattern,GROUND,pure,0,78,107,0.691,2.754,1
27,pattern,FIGURE,pure,71,17,83,0.098,2.715,1
28,pattern,GROUND,pure,0,186,186,1.035,1.742,1
29,pattern,GROUND,pure,0,184,186,0.316,3.266,1
30,pattern,GROUND,pure,0,167,173,0.234,1.762,1
31,pattern,GROUND,pure,0,172,176,0.230,6.910,1
32,pattern,FIGURE,pure,165,29,36,1.594,3.562,1
33,pattern,FIELD,pure,4,30,97,0.285,2.184,1
34,pattern,FIELD,pure,114,50,35,0.316,3.809,1
35,pattern,GROUND,pure,0,157,118,3.656,4.086,1
36,pattern,GROUND,pure,12,106,29,3.199,1.660,1
37,pattern,GROUND,pure,32,83,93,3.148,1.012,1
38,pattern,FIELD,pure,40,54,39,1.074,2.547,1
39,pattern,FIGURE,pure,185,32,8,1.312,2.715,1
40,pattern,FIELD,pure,0,45,81,1.254,3.031,1
41,pattern,GROUND,pure,35,61,57,4.109,2.809,1
42,pattern,GROUND,pure,2,91,73,4.719,3.305,1
43,pattern,GROUND,pure,0,99,38,0.688,1.918,1
44,pattern,FIELD,pure,20,52,65,3.812,12.211,1
45,pattern,GROUND,pure,4,80,119,5.117,1.457,1
46,pattern,GROUND,pure,0,84,94,1.348,3.820,1
47,pattern,GROUND,pure,31,93,62,2.336,0.352,1
48,pattern,GROUND,pure,0,77,87,0.750,3.801,1
49,pattern,FIELD,pure,57,49,37,1.492,3.289,1
50,pattern,GROUND,pure,0,109,113,2.410,9.543,1
51,pattern,FIELD,pure,59,65,80,1.918,6.168,1
52,pattern,FIELD,pure,0,42,52,0.586,1.859,1
53,pattern,GROUND,pure,0,73,23,2.336,2.332,1
54,pattern,FIGURE,pure,137,25,45,0.391,1.645,1
55,pattern,FIGURE,pure,136,24,29,0.137,1.395,1
56,pattern,FIGURE,pure,164,16,22,0.137,1.492,1
57,pattern,FIGURE,pure,184,17,22,0.223,1.633,1
58,pattern,FIGURE,pure,143,26,15,0.180,1.844,1
59,pattern,FIGURE,pure,163,15,30,0.219,1.449,1
60,pattern,FIGURE,pure,145,21,29,0.223,6.840,1
61,pattern,FIGURE,pure,177,15,11,0.074,1.531,1
62,pattern,FIGURE,pure,211,10,19,0.062,1.656,1
63,pattern,FIGURE,pure,153,22,30,0.211,1.422,1
64,pattern,GROUND,pure,0,134,79,4.691,0.609,1
65,pattern,GROUND,pure,0,105,34,1.254,1.645,1
66,pattern,GROUND,pure,0,144,46,0.391,2.230,1
67,pattern,GROUND,pure,0,130,87,0.281,2.215,1
68,pattern,GROUND,pure,18,145,68,1.805,2.641,1
69,pattern,GROUND,pure,0,134,75,0.773,23.289,1
70,pattern,FIGURE,pure,159,15,64,0.359,2.883,1
71,pattern,GROUND,pure,0,124,70,4.203,1.953,1
72,pattern,GROUND,pure,16,96,77,0.793,1.582,1
73,pattern,FIELD,pure,74,46,85,0.461,3.094,1
74,pattern,FIELD,pure,121,32,57,1.586,1.395,1
75,pattern,SPARK,pure,235,7,14,2.012,5.621,1
76,pattern,SPARK,pure,225,11,21,4.535,4.719,1
77,pattern,FIGURE,pure,202,14,29,1.781,3.316,1
78,pattern,SPARK,pure,233,8,20,4.199,13.590,1
79,pattern,FIGURE,pure,217,27,19,3.438,14.855,1
80,pattern,SPARK,pure,225,9,18,2.512,11.191,1
81,pattern,FIGURE,pure,187,18,24,4.430,1.223,1
82,pattern,SPARK,pure,247,5,14,1.691,5.312,1
83,pattern,SPARK,pure,227,11,16,2.461,3.637,1
84,pattern,GROUND,pure,24,66,37,1.910,4.137,1
85,pattern,GROUND,pure,3,64,34,1.891,10.758,1
86,pattern,GROUND,pure,0,92,52,0.703,0.965,1
87,pattern,GROUND,pure,50,68,30,2.430,2.441,1
88,pattern,GROUND,pure,0,135,71,7.930,1.789,1
89,pattern,FIGURE,pure,181,11,18,0.930,3.406,1
90,pattern,GROUND,pure,29,56,32,4.266,1.996,1
91,pattern,FIELD,pure,63,61,34,4.422,9.691,1
92,pattern,FIELD,pure,117,34,23,2.098,2.910,1
93,pattern,GROUND,pure,8,95,44,1.953,4.543,1
94,pattern,FIGURE,pure,191,18,35,2.816,3.516,1
95,pattern,FIGURE,pure,34,22,38,0.129,3.098,1
96,pattern,SPARK,pure,229,13,29,0.137,3.168,1
97,pattern,SPARK,pure,244,8,17,0.078,1.863,1
98,pattern,SPARK,pure,242,19,17,0.391,3.320,1
99,pattern,FIELD,pure,43,28,42,0.234,2.961,1
100,pattern,FIGURE,pure,201,16,20,0.516,3.371,1
101,pattern,GROUND,pure,0,102,148,0.500,9.566,1
102,pattern,SPARK,pure,234,16,13,0.656,6.340,1
103,pattern,FIGURE,pure,199,15,31,0.848,3.074,1
104,pattern,FIGURE,pure,215,26,24,0.586,4.520,1
105,pattern,GROUND,pure,0,104,91,2.160,2.086,1
106,pattern,GROUND,pure,1,88,128,0.941,12.023,1
107,pattern,GROUND,pure,0,86,64,3.406,2.512,1
108,pattern,FIELD,pure,117,48,81,0.688,3.934,1
109,pattern,FIGURE,pure,118,24,30,1.449,2.805,1
110,pattern,GROUND,pure,0,71,55,0.781,3.258,1
111,pattern,GROUND,pure,26,99,126,1.875,4.078,1
112,pattern,GROUND,pure,0,112,163,2.980,1.738,1
113,pattern,FIGURE,pure,186,37,24,0.859,8.918,1
114,pattern,FIGURE,pure,160,42,60,2.094,5.547,1
115,pattern,GROUND,pure,0,92,97,1.043,0.285,1
116,pattern,FIGURE,pure,158,24,30,0.875,3.316,1
117,pattern,GROUND,pure,0,84,173,0.672,0.699,1
118,pattern,FIELD,pure,100,43,86,0.555,2.680,1
119,pattern,FIELD,pure,103,62,65,1.438,2.840,1
120,pattern,GROUND,pure,0,74,176,0.078,0.312,1
121,pattern,GROUND,pure,0,136,69,1.066,8.773,1
122,pattern,GROUND,pure,0,115,144,1.250,7.629,1
123,pattern,FIELD,pure,70,40,72,0.875,6.582,1
124,pattern,FIELD,pure,117,28,33,2.973,2.668,1
125,pattern,FIGURE,pure,148,46,8,2.418,11.008,1
126,pattern,SPARK,pure,247,4,1,8.336,4.340,1
127,pattern,SPARK,pure,220,6,5,0.422,1.461,1
128,pattern,SPARK,pure,254,0,0,0.000,5.801,1
129,pattern,SPARK,pure,229,6,5,0.605,3.879,1
130,pattern,SPARK,pure,220,6,5,1.125,16.582,1
131,pattern,FIGURE,pure,189,20,9,1.180,2.629,1
132,pattern,SPARK,pure,251,8,11,0.336,3.520,1
133,pattern,SPARK,pure,221,8,7,0.355,3.812,1
134,pattern,FIELD,pure,88,44,27,4.148,11.191,1
135,pattern,SPARK,pure,218,8,6,0.824,7.457,1
136,pattern,FIELD,pure,0,28,29,0.109,4.484,1
137,pattern,FIGURE,pure,209,14,16,0.887,9.688,1
138,pattern,FIGURE,pure,148,66,58,1.023,7.559,1
139,pattern,FIGURE,pure,191,15,14,0.906,5.309,1
140,pattern,FIGURE,pure,197,12,3,4.723,6.008,1
141,pattern,FIGURE,pure,198,15,4,2.055,20.488,1
142,pattern,FIGURE,pure,170,50,49,0.574,5.520,1
143,pattern,GROUND,pure,9,61,62,1.234,4.469,1
144,pattern,SPARK,pure,218,12,9,0.500,1.777,1
145,pattern,FIGURE,pure,177,25,24,0.336,3.816,1
146,pattern,SPARK,pure,237,6,3,0.398,2.301,1
147,pattern,FIGURE,pure,168,25,21,1.438,4.133,1
148,pattern,FIGURE,pure,210,14,11,0.922,11.020,1
149,pattern,FIGURE,pure,202,18,16,0.656,3.387,1
150,pattern,SPARK,pure,233,6,4,0.859,2.312,1
151,pattern,SPARK,pure,254,0,0,0.000,2.051,1
152,pattern,SPARK,pure,248,3,1,0.156,2.215,1
153,pattern,FIGURE,pure,179,20,11,0.242,8.129,1
154,pattern,FIELD,pure,120,55,19,3.703,3.699,1
155,pattern,SPARK,pure,220,10,3,2.336,3.125,1
156,pattern,SPARK,pure,243,2,3,0.055,6.012,1
157,pattern,FIGURE,pure,170,19,14,0.305,3.742,1
158,pattern,FIGURE,pure,181,17,22,0.164,4.457,1
159,pattern,SPARK,pure,233,4,7,0.453,3.531,1
160,pattern,FIGURE,pure,191,18,17,1.273,6.133,1
161,pattern,FIGURE,pure,177,23,18,0.535,8.938,1
162,pattern,FIGURE,pure,149,47,23,0.305,12.355,1
163,pattern,SPARK,pure,227,11,5,1.660,6.062,1
164,pattern,SPARK,pure,245,3,14,0.449,3.488,1
165,pattern,SPARK,pure,254,0,0,0.012,2.598,1
166,pattern,SPARK,pure,226,5,12,0.891,8.348,1
167,pattern,SPARK,pure,227,9,13,0.281,24.000,1
168,pattern,FIELD,pure,87,43,49,0.156,1.727,1
169,pattern,FIGURE,pure,211,18,14,0.379,8.516,1
170,pattern,SPARK,pure,243,3,7,0.547,3.840,1
171,pattern,SPARK,pure,227,5,4,0.504,3.848,1
172,pattern,FIGURE,pure,184,19,19,0.891,1.852,1
173,pattern,FIELD,pure,106,55,47,0.578,6.043,1
174,pattern,FIGURE,pure,208,15,17,0.449,14.051,1
175,pattern,FIGURE,pure,215,8,8,2.824,9.895,1
176,pattern,FIGURE,pure,200,12,4,2.891,17.840,1
177,pattern,FIELD,pure,124,83,33,2.004,9.184,1
178,pattern,SPARK,pure,225,8,6,2.223,15.559,1
179,pattern,SPARK,pure,235,8,5,2.719,7.637,1
180,pattern,SPARK,pure,220,9,2,0.469,1.691,1
181,pattern,FIELD,pure,119,55,37,2.609,4.035,1
182,pattern,FIGURE,pure,89,26,21,2.422,5.547,1
183,pattern,GROUND,pure,0,128,77,0.836,24.000,1
184,pattern,SPARK,pure,220,10,7,0.848,8.145,1
185,pattern,FIGURE,pure,146,24,16,0.203,3.910,1
186,pattern,FIELD,pure,135,40,47,0.734,3.965,1
187,pattern,SPARK,pure,220,6,4,1.359,4.988,1
188,pattern,FIGURE,pure,156,15,16,2.992,7.078,1
189,pattern,FIGURE,pure,213,8,4,0.066,3.871,1
190,pattern,SPARK,pure,227,10,13,0.762,1.680,1
191,pattern,FIGURE,pure,190,14,26,0.461,1.484,1
192,pattern,FIGURE,pure,209,18,10,2.262,13.320,1
193,pattern,FIGURE,pure,160,20,25,0.848,20.227,1
194,pattern,FIGURE,pure,175,22,20,1.219,4.645,1
195,pattern,FIGURE,pure,205,12,7,0.805,6.293,1
196,pattern,SPARK,pure,242,3,0,0.754,3.957,1
197,pattern,FIGURE,pure,184,19,10,0.512,19.277,1
198,pattern,FIGURE,pure,143,32,22,0.918,3.910,1
199,pattern,SPARK,pure,225,6,7,0.816,1.367,1
200,pattern,SPARK,pure,238,2,6,0.125,15.211,1
201,pattern,FIGURE,pure,212,12,5,1.137,5.633,1
202,pattern,SPARK,pure,229,9,2,0.199,24.000,1
203,pattern,SPARK,pure,241,5,1,0.305,11.645,1
204,pattern,FIGURE,pure,184,16,3,1.875,23.129,1
205,pattern,FIGURE,pure,175,18,19,0.406,3.883,1
206,pattern,SPARK,pure,225,5,2,1.598,3.938,1
207,pattern,SPARK,pure,241,4,2,0.203,3.797,1
208,pattern,FIGURE,pure,143,48,24,2.086,4.312,1
209,pattern,GROUND,pure,17,104,84,0.336,7.906,1
210,pattern,SPARK,pure,243,2,4,0.562,3.883,1
211,pattern,FIELD,pure,92,55,48,1.461,4.262,1
212,pattern,SPARK,pure,231,14,12,0.273,2.141,1
213,pattern,FIGURE,pure,188,27,25,0.430,3.844,1
214,pattern,FIGURE,pure,212,8,3,1.586,1.617,1
215,pattern,SPARK,pure,236,4,4,0.609,1.535,1
216,pattern,FIGURE,pure,192,14,19,0.898,17.922,1
217,pattern,FIGURE,pure,197,13,7,0.516,3.711,1
218,pattern,SPARK,pure,229,4,5,0.047,2.648,1
219,pattern,SPARK,pure,253,0,0,0.004,14.230,1
220,pattern,SPARK,pure,248,2,0,0.336,5.027,1
221,pattern,FIGURE,pure,150,37,8,0.719,3.250,1
222,pattern,GROUND,pure,42,63,17,1.105,4.098,1
223,pattern,FIGURE,pure,199,15,11,0.449,2.344,1
224,pattern,FIGURE,pure,183,36,26,0.160,1.227,1
